{
  "additionalFiles": "",
  "builtInLibrariesFolders": "C:\\Users\\LapTechnology\\AppData\\Local\\Arduino15\\libraries",
  "compiler.optimization_flags": "",
  "customBuildProperties": "build.warn_data_percentage=75",
  "fqbn": "arduino:avr:uno",
  "hardwareFolders": "c:\\Users\\LapTechnology\\AppData\\Local\\Arduino15\\packages",
  "otherLibrariesFolders": "c:\\Users\\LapTechnology\\Desktop\\Arduino fiels\\libraries",
  "sketchLocation": "C:\\Users\\LapTechnology\\Desktop\\Arduino fiels\\slavemaster"
}